"","All","Non-Roma","Roma","diff","var0","var1","sd_total","p","signif"
"discrimination_ethnicity",0.19,0.04,0.26,-0.22,1.77121771217712e-05,4.18989547038328e-05,0.00772082455606938,2.54172414711444e-175,"**"
"age",45.99,50.7,43.77,6.92,-1.1622647601476,-0.407674847560976,NA,NA,NA
"no_educ",0.22,0.04,0.3,-0.26,1.77121771217712e-05,4.57317073170732e-05,0.00796516694356398,2.1255818858754e-230,"**"
"female",0.49,0.51,0.48,0.03,0.000115267527675277,5.43554006968641e-05,0.0130239367463199,2.15779002239029,""
"afford_n",0.3,0.49,0.22,0.28,0.000115267527675277,3.73693379790941e-05,0.0123546293208,9.42193484793676e-111,"**"
"health_insurance",0.67,0.75,0.64,0.11,8.64852398523985e-05,5.01742160278746e-05,0.0116901435354863,2.02581863389376e-18,"**"
"country",3.48,3.46,3.49,-0.03,-0.0039260147601476,-0.00189244337979094,NA,NA,NA
"n",6760,2168,4592,-2424,-2167,-4591,NA,NA,NA
